{
  "hash": "b6c0eadf",
  "configHash": "d271bb31",
  "lockfileHash": "cf8143d3",
  "browserHash": "27007106",
  "optimized": {
    "@angular/core": {
      "src": "../../../../../../node_modules/@angular/core/fesm2022/core.mjs",
      "file": "@angular_core.js",
      "fileHash": "e9e9780f",
      "needsInterop": false
    },
    "@angular/platform-browser": {
      "src": "../../../../../../node_modules/@angular/platform-browser/fesm2022/platform-browser.mjs",
      "file": "@angular_platform-browser.js",
      "fileHash": "32e426d0",
      "needsInterop": false
    },
    "@angular/router": {
      "src": "../../../../../../node_modules/@angular/router/fesm2022/router.mjs",
      "file": "@angular_router.js",
      "fileHash": "1762d47b",
      "needsInterop": false
    }
  },
  "chunks": {
    "chunk-SQLZZQMT": {
      "file": "chunk-SQLZZQMT.js"
    },
    "chunk-YIVJ2BNJ": {
      "file": "chunk-YIVJ2BNJ.js"
    }
  }
}