{
  "hash": "d44fef48",
  "configHash": "c528b8db",
  "lockfileHash": "cf8143d3",
  "browserHash": "24571278",
  "optimized": {
    "@angular/core": {
      "src": "../../../../../../node_modules/@angular/core/fesm2022/core.mjs",
      "file": "@angular_core.js",
      "fileHash": "df0ae76b",
      "needsInterop": false
    },
    "@angular/platform-browser": {
      "src": "../../../../../../node_modules/@angular/platform-browser/fesm2022/platform-browser.mjs",
      "file": "@angular_platform-browser.js",
      "fileHash": "891e59d2",
      "needsInterop": false
    },
    "@angular/platform-server": {
      "src": "../../../../../../node_modules/@angular/platform-server/fesm2022/platform-server.mjs",
      "file": "@angular_platform-server.js",
      "fileHash": "07bded90",
      "needsInterop": false
    },
    "@angular/router": {
      "src": "../../../../../../node_modules/@angular/router/fesm2022/router.mjs",
      "file": "@angular_router.js",
      "fileHash": "9031f3ec",
      "needsInterop": false
    },
    "@angular/ssr": {
      "src": "../../../../../../node_modules/@angular/ssr/fesm2022/ssr.mjs",
      "file": "@angular_ssr.js",
      "fileHash": "f5a04f77",
      "needsInterop": false
    },
    "@angular/ssr/node": {
      "src": "../../../../../../node_modules/@angular/ssr/fesm2022/node.mjs",
      "file": "@angular_ssr_node.js",
      "fileHash": "e3c82716",
      "needsInterop": false
    },
    "express": {
      "src": "../../../../../../node_modules/express/index.js",
      "file": "express.js",
      "fileHash": "8a5c2519",
      "needsInterop": true
    }
  },
  "chunks": {
    "chunk-CHHENP53": {
      "file": "chunk-CHHENP53.js"
    },
    "chunk-U3BJV6DX": {
      "file": "chunk-U3BJV6DX.js"
    },
    "chunk-RO2QPOVN": {
      "file": "chunk-RO2QPOVN.js"
    },
    "chunk-57FHW7B4": {
      "file": "chunk-57FHW7B4.js"
    },
    "chunk-YWNTH3TK": {
      "file": "chunk-YWNTH3TK.js"
    },
    "xhr2-TXIMV6CV": {
      "file": "xhr2-TXIMV6CV.js"
    },
    "chunk-YHCV7DAQ": {
      "file": "chunk-YHCV7DAQ.js"
    }
  }
}